volume,source_file,local_page,combined_page
student,hoofdstukken/H1/Boek_1_H1_Economisch_denken_en_rekenen_Tweede_editie.pdf,1,5
student,hoofdstukken/H1/Boek_1_H1_Economisch_denken_en_rekenen_Tweede_editie.pdf,2,6
student,hoofdstukken/H1/Boek_1_H1_Economisch_denken_en_rekenen_Tweede_editie.pdf,3,7
student,hoofdstukken/H1/Boek_1_H1_Economisch_denken_en_rekenen_Tweede_editie.pdf,4,8
student,hoofdstukken/H1/Boek_1_H1_Economisch_denken_en_rekenen_Tweede_editie.pdf,5,9
student,hoofdstukken/H1/Boek_1_H1_Economisch_denken_en_rekenen_Tweede_editie.pdf,6,10
student,hoofdstukken/H1/Boek_1_H1_Economisch_denken_en_rekenen_Tweede_editie.pdf,7,11
student,hoofdstukken/H1/Boek_1_H1_Economisch_denken_en_rekenen_Tweede_editie.pdf,8,12
student,hoofdstukken/H1/Boek_1_H1_Economisch_denken_en_rekenen_Tweede_editie.pdf,9,13
student,hoofdstukken/H1/Boek_1_H1_Economisch_denken_en_rekenen_Tweede_editie.pdf,10,14
student,hoofdstukken/H1/Boek_1_H1_Economisch_denken_en_rekenen_Tweede_editie.pdf,11,15
student,hoofdstukken/H1/Boek_1_H1_Economisch_denken_en_rekenen_Tweede_editie.pdf,12,16
student,hoofdstukken/H1/Boek_1_H1_Economisch_denken_en_rekenen_Tweede_editie.pdf,13,17
student,hoofdstukken/H1/Boek_1_H1_Economisch_denken_en_rekenen_Tweede_editie.pdf,14,18
student,hoofdstukken/H1/Boek_1_H1_Economisch_denken_en_rekenen_Tweede_editie.pdf,15,19
student,hoofdstukken/H1/Boek_1_H1_Economisch_denken_en_rekenen_Tweede_editie.pdf,16,20
student,hoofdstukken/H1/Boek_1_H1_Economisch_denken_en_rekenen_Tweede_editie.pdf,17,21
student,hoofdstukken/H1/Boek_1_H1_Economisch_denken_en_rekenen_Tweede_editie.pdf,18,22
student,hoofdstukken/H1/Boek_1_H1_Economisch_denken_en_rekenen_Tweede_editie.pdf,19,23
student,hoofdstukken/H1/Boek_1_H1_Economisch_denken_en_rekenen_Tweede_editie.pdf,20,24
student,hoofdstukken/H1/Boek_1_H1_Economisch_denken_en_rekenen_Tweede_editie.pdf,21,25
student,hoofdstukken/H1/Boek_1_H1_Economisch_denken_en_rekenen_Tweede_editie.pdf,22,26
student,hoofdstukken/H1/Boek_1_H1_Economisch_denken_en_rekenen_Tweede_editie.pdf,23,27
student,hoofdstukken/H1/Boek_1_H1_Economisch_denken_en_rekenen_Tweede_editie.pdf,24,28
student,hoofdstukken/H1/Boek_1_H1_Economisch_denken_en_rekenen_Tweede_editie.pdf,25,29
student,hoofdstukken/H1/Boek_1_H1_Economisch_denken_en_rekenen_Tweede_editie.pdf,26,30
student,hoofdstukken/H1/Boek_1_H1_Economisch_denken_en_rekenen_Tweede_editie.pdf,27,31
student,hoofdstukken/H1/Boek_1_H1_Economisch_denken_en_rekenen_Tweede_editie.pdf,28,32
student,hoofdstukken/H1/Boek_1_H1_Economisch_denken_en_rekenen_Tweede_editie.pdf,29,33
student,hoofdstukken/H1/Boek_1_H1_Economisch_denken_en_rekenen_Tweede_editie.pdf,30,34
student,hoofdstukken/H1/Boek_1_H1_Economisch_denken_en_rekenen_Tweede_editie.pdf,31,35
student,hoofdstukken/H1/Boek_1_H1_Economisch_denken_en_rekenen_Tweede_editie.pdf,32,36
student,hoofdstukken/H1/Boek_1_H1_Economisch_denken_en_rekenen_Tweede_editie.pdf,33,37
student,hoofdstukken/H1/Boek_1_H1_Economisch_denken_en_rekenen_Tweede_editie.pdf,34,38
student,hoofdstukken/H1/Boek_1_H1_Economisch_denken_en_rekenen_Tweede_editie.pdf,35,39
student,hoofdstukken/H1/Boek_1_H1_Economisch_denken_en_rekenen_Tweede_editie.pdf,36,40
student,hoofdstukken/H1/Boek_1_H1_Economisch_denken_en_rekenen_Tweede_editie.pdf,37,41
student,hoofdstukken/H1/Boek_1_H1_Economisch_denken_en_rekenen_Tweede_editie.pdf,38,42
student,hoofdstukken/H1/Boek_1_H1_Economisch_denken_en_rekenen_Tweede_editie.pdf,39,43
student,hoofdstukken/H1/Boek_1_H1_Economisch_denken_en_rekenen_Tweede_editie.pdf,40,44
student,hoofdstukken/H2/Boek_1_H2_Vraag_Tweede_editie.pdf,1,45
student,hoofdstukken/H2/Boek_1_H2_Vraag_Tweede_editie.pdf,2,46
student,hoofdstukken/H2/Boek_1_H2_Vraag_Tweede_editie.pdf,3,47
student,hoofdstukken/H2/Boek_1_H2_Vraag_Tweede_editie.pdf,4,48
student,hoofdstukken/H2/Boek_1_H2_Vraag_Tweede_editie.pdf,5,49
student,hoofdstukken/H2/Boek_1_H2_Vraag_Tweede_editie.pdf,6,50
student,hoofdstukken/H2/Boek_1_H2_Vraag_Tweede_editie.pdf,7,51
student,hoofdstukken/H2/Boek_1_H2_Vraag_Tweede_editie.pdf,8,52
student,hoofdstukken/H2/Boek_1_H2_Vraag_Tweede_editie.pdf,9,53
student,hoofdstukken/H2/Boek_1_H2_Vraag_Tweede_editie.pdf,10,54
student,hoofdstukken/H2/Boek_1_H2_Vraag_Tweede_editie.pdf,11,55
student,hoofdstukken/H2/Boek_1_H2_Vraag_Tweede_editie.pdf,12,56
student,hoofdstukken/H2/Boek_1_H2_Vraag_Tweede_editie.pdf,13,57
student,hoofdstukken/H2/Boek_1_H2_Vraag_Tweede_editie.pdf,14,58
student,hoofdstukken/H2/Boek_1_H2_Vraag_Tweede_editie.pdf,15,59
student,hoofdstukken/H2/Boek_1_H2_Vraag_Tweede_editie.pdf,16,60
student,hoofdstukken/H2/Boek_1_H2_Vraag_Tweede_editie.pdf,17,61
student,hoofdstukken/H2/Boek_1_H2_Vraag_Tweede_editie.pdf,18,62
student,hoofdstukken/H2/Boek_1_H2_Vraag_Tweede_editie.pdf,19,63
student,hoofdstukken/H2/Boek_1_H2_Vraag_Tweede_editie.pdf,20,64
student,hoofdstukken/H2/Boek_1_H2_Vraag_Tweede_editie.pdf,21,65
student,hoofdstukken/H2/Boek_1_H2_Vraag_Tweede_editie.pdf,22,66
student,hoofdstukken/H2/Boek_1_H2_Vraag_Tweede_editie.pdf,23,67
student,hoofdstukken/H2/Boek_1_H2_Vraag_Tweede_editie.pdf,24,68
student,hoofdstukken/H2/Boek_1_H2_Vraag_Tweede_editie.pdf,25,69
student,hoofdstukken/H2/Boek_1_H2_Vraag_Tweede_editie.pdf,26,70
student,hoofdstukken/H2/Boek_1_H2_Vraag_Tweede_editie.pdf,27,71
student,hoofdstukken/H2/Boek_1_H2_Vraag_Tweede_editie.pdf,28,72
student,hoofdstukken/H2/Boek_1_H2_Vraag_Tweede_editie.pdf,29,73
student,hoofdstukken/H2/Boek_1_H2_Vraag_Tweede_editie.pdf,30,74
student,hoofdstukken/H2/Boek_1_H2_Vraag_Tweede_editie.pdf,31,75
student,hoofdstukken/H2/Boek_1_H2_Vraag_Tweede_editie.pdf,32,76
student,hoofdstukken/H2/Boek_1_H2_Vraag_Tweede_editie.pdf,33,77
student,hoofdstukken/H2/Boek_1_H2_Vraag_Tweede_editie.pdf,34,78
student,hoofdstukken/H2/Boek_1_H2_Vraag_Tweede_editie.pdf,35,79
student,hoofdstukken/H2/Boek_1_H2_Vraag_Tweede_editie.pdf,36,80
student,hoofdstukken/H2/Boek_1_H2_Vraag_Tweede_editie.pdf,37,81
student,hoofdstukken/H2/Boek_1_H2_Vraag_Tweede_editie.pdf,38,82
student,hoofdstukken/H2/Boek_1_H2_Vraag_Tweede_editie.pdf,39,83
student,hoofdstukken/H2/Boek_1_H2_Vraag_Tweede_editie.pdf,40,84
student,hoofdstukken/H3/Boek_1_H3_Aanbod_en_marktevenwicht_Tweede_editie.pdf,1,85
student,hoofdstukken/H3/Boek_1_H3_Aanbod_en_marktevenwicht_Tweede_editie.pdf,2,86
student,hoofdstukken/H3/Boek_1_H3_Aanbod_en_marktevenwicht_Tweede_editie.pdf,3,87
student,hoofdstukken/H3/Boek_1_H3_Aanbod_en_marktevenwicht_Tweede_editie.pdf,4,88
student,hoofdstukken/H3/Boek_1_H3_Aanbod_en_marktevenwicht_Tweede_editie.pdf,5,89
student,hoofdstukken/H3/Boek_1_H3_Aanbod_en_marktevenwicht_Tweede_editie.pdf,6,90
student,hoofdstukken/H3/Boek_1_H3_Aanbod_en_marktevenwicht_Tweede_editie.pdf,7,91
student,hoofdstukken/H3/Boek_1_H3_Aanbod_en_marktevenwicht_Tweede_editie.pdf,8,92
student,hoofdstukken/H3/Boek_1_H3_Aanbod_en_marktevenwicht_Tweede_editie.pdf,9,93
student,hoofdstukken/H3/Boek_1_H3_Aanbod_en_marktevenwicht_Tweede_editie.pdf,10,94
student,hoofdstukken/H3/Boek_1_H3_Aanbod_en_marktevenwicht_Tweede_editie.pdf,11,95
student,hoofdstukken/H3/Boek_1_H3_Aanbod_en_marktevenwicht_Tweede_editie.pdf,12,96
student,hoofdstukken/H3/Boek_1_H3_Aanbod_en_marktevenwicht_Tweede_editie.pdf,13,97
student,hoofdstukken/H3/Boek_1_H3_Aanbod_en_marktevenwicht_Tweede_editie.pdf,14,98
student,hoofdstukken/H3/Boek_1_H3_Aanbod_en_marktevenwicht_Tweede_editie.pdf,15,99
student,hoofdstukken/H3/Boek_1_H3_Aanbod_en_marktevenwicht_Tweede_editie.pdf,16,100
student,hoofdstukken/H3/Boek_1_H3_Aanbod_en_marktevenwicht_Tweede_editie.pdf,17,101
student,hoofdstukken/H3/Boek_1_H3_Aanbod_en_marktevenwicht_Tweede_editie.pdf,18,102
student,hoofdstukken/H3/Boek_1_H3_Aanbod_en_marktevenwicht_Tweede_editie.pdf,19,103
student,hoofdstukken/H3/Boek_1_H3_Aanbod_en_marktevenwicht_Tweede_editie.pdf,20,104
student,hoofdstukken/H3/Boek_1_H3_Aanbod_en_marktevenwicht_Tweede_editie.pdf,21,105
student,hoofdstukken/H3/Boek_1_H3_Aanbod_en_marktevenwicht_Tweede_editie.pdf,22,106
student,hoofdstukken/H3/Boek_1_H3_Aanbod_en_marktevenwicht_Tweede_editie.pdf,23,107
student,hoofdstukken/H3/Boek_1_H3_Aanbod_en_marktevenwicht_Tweede_editie.pdf,24,108
student,hoofdstukken/H3/Boek_1_H3_Aanbod_en_marktevenwicht_Tweede_editie.pdf,25,109
student,hoofdstukken/H3/Boek_1_H3_Aanbod_en_marktevenwicht_Tweede_editie.pdf,26,110
student,hoofdstukken/H3/Boek_1_H3_Aanbod_en_marktevenwicht_Tweede_editie.pdf,27,111
student,hoofdstukken/H3/Boek_1_H3_Aanbod_en_marktevenwicht_Tweede_editie.pdf,28,112
student,hoofdstukken/H3/Boek_1_H3_Aanbod_en_marktevenwicht_Tweede_editie.pdf,29,113
student,hoofdstukken/H3/Boek_1_H3_Aanbod_en_marktevenwicht_Tweede_editie.pdf,30,114
student,hoofdstukken/H3/Boek_1_H3_Aanbod_en_marktevenwicht_Tweede_editie.pdf,31,115
student,hoofdstukken/H3/Boek_1_H3_Aanbod_en_marktevenwicht_Tweede_editie.pdf,32,116
student,hoofdstukken/H3/Boek_1_H3_Aanbod_en_marktevenwicht_Tweede_editie.pdf,33,117
student,hoofdstukken/H3/Boek_1_H3_Aanbod_en_marktevenwicht_Tweede_editie.pdf,34,118
student,hoofdstukken/H3/Boek_1_H3_Aanbod_en_marktevenwicht_Tweede_editie.pdf,35,119
student,hoofdstukken/H3/Boek_1_H3_Aanbod_en_marktevenwicht_Tweede_editie.pdf,36,120
student,hoofdstukken/H3/Boek_1_H3_Aanbod_en_marktevenwicht_Tweede_editie.pdf,37,121
student,hoofdstukken/H3/Boek_1_H3_Aanbod_en_marktevenwicht_Tweede_editie.pdf,38,122
student,hoofdstukken/H3/Boek_1_H3_Aanbod_en_marktevenwicht_Tweede_editie.pdf,39,123
student,hoofdstukken/H3/Boek_1_H3_Aanbod_en_marktevenwicht_Tweede_editie.pdf,40,124
answers,hoofdstukken/H1/Boek_1_H1_Antwoorden_Tweede_editie.pdf,1,3
answers,hoofdstukken/H1/Boek_1_H1_Antwoorden_Tweede_editie.pdf,2,4
answers,hoofdstukken/H1/Boek_1_H1_Antwoorden_Tweede_editie.pdf,3,5
answers,hoofdstukken/H1/Boek_1_H1_Antwoorden_Tweede_editie.pdf,4,6
answers,hoofdstukken/H1/Boek_1_H1_Antwoorden_Tweede_editie.pdf,5,7
answers,hoofdstukken/H1/Boek_1_H1_Antwoorden_Tweede_editie.pdf,6,8
answers,hoofdstukken/H1/Boek_1_H1_Antwoorden_Tweede_editie.pdf,7,9
answers,hoofdstukken/H1/Boek_1_H1_Antwoorden_Tweede_editie.pdf,8,10
answers,hoofdstukken/H1/Boek_1_H1_Antwoorden_Tweede_editie.pdf,9,11
answers,hoofdstukken/H1/Boek_1_H1_Antwoorden_Tweede_editie.pdf,10,12
answers,hoofdstukken/H1/Boek_1_H1_Antwoorden_Tweede_editie.pdf,11,13
answers,hoofdstukken/H1/Boek_1_H1_Antwoorden_Tweede_editie.pdf,12,14
answers,hoofdstukken/H1/Boek_1_H1_Antwoorden_Tweede_editie.pdf,13,15
answers,hoofdstukken/H1/Boek_1_H1_Antwoorden_Tweede_editie.pdf,14,16
answers,hoofdstukken/H1/Boek_1_H1_Antwoorden_Tweede_editie.pdf,15,17
answers,hoofdstukken/H1/Boek_1_H1_Antwoorden_Tweede_editie.pdf,16,18
answers,hoofdstukken/H1/Boek_1_H1_Antwoorden_Tweede_editie.pdf,17,19
answers,hoofdstukken/H1/Boek_1_H1_Antwoorden_Tweede_editie.pdf,18,20
answers,hoofdstukken/H1/Boek_1_H1_Antwoorden_Tweede_editie.pdf,19,21
answers,hoofdstukken/H1/Boek_1_H1_Antwoorden_Tweede_editie.pdf,20,22
answers,hoofdstukken/H2/Boek_1_H2_Antwoorden_Tweede_editie.pdf,1,23
answers,hoofdstukken/H2/Boek_1_H2_Antwoorden_Tweede_editie.pdf,2,24
answers,hoofdstukken/H2/Boek_1_H2_Antwoorden_Tweede_editie.pdf,3,25
answers,hoofdstukken/H2/Boek_1_H2_Antwoorden_Tweede_editie.pdf,4,26
answers,hoofdstukken/H2/Boek_1_H2_Antwoorden_Tweede_editie.pdf,5,27
answers,hoofdstukken/H2/Boek_1_H2_Antwoorden_Tweede_editie.pdf,6,28
answers,hoofdstukken/H2/Boek_1_H2_Antwoorden_Tweede_editie.pdf,7,29
answers,hoofdstukken/H2/Boek_1_H2_Antwoorden_Tweede_editie.pdf,8,30
answers,hoofdstukken/H2/Boek_1_H2_Antwoorden_Tweede_editie.pdf,9,31
answers,hoofdstukken/H2/Boek_1_H2_Antwoorden_Tweede_editie.pdf,10,32
answers,hoofdstukken/H2/Boek_1_H2_Antwoorden_Tweede_editie.pdf,11,33
answers,hoofdstukken/H2/Boek_1_H2_Antwoorden_Tweede_editie.pdf,12,34
answers,hoofdstukken/H2/Boek_1_H2_Antwoorden_Tweede_editie.pdf,13,35
answers,hoofdstukken/H2/Boek_1_H2_Antwoorden_Tweede_editie.pdf,14,36
answers,hoofdstukken/H2/Boek_1_H2_Antwoorden_Tweede_editie.pdf,15,37
answers,hoofdstukken/H2/Boek_1_H2_Antwoorden_Tweede_editie.pdf,16,38
answers,hoofdstukken/H2/Boek_1_H2_Antwoorden_Tweede_editie.pdf,17,39
answers,hoofdstukken/H2/Boek_1_H2_Antwoorden_Tweede_editie.pdf,18,40
answers,hoofdstukken/H2/Boek_1_H2_Antwoorden_Tweede_editie.pdf,19,41
answers,hoofdstukken/H2/Boek_1_H2_Antwoorden_Tweede_editie.pdf,20,42
answers,hoofdstukken/H2/Boek_1_H2_Antwoorden_Tweede_editie.pdf,21,43
answers,hoofdstukken/H2/Boek_1_H2_Antwoorden_Tweede_editie.pdf,22,44
answers,hoofdstukken/H3/Boek_1_H3_Antwoorden_Tweede_editie.pdf,1,45
answers,hoofdstukken/H3/Boek_1_H3_Antwoorden_Tweede_editie.pdf,2,46
answers,hoofdstukken/H3/Boek_1_H3_Antwoorden_Tweede_editie.pdf,3,47
answers,hoofdstukken/H3/Boek_1_H3_Antwoorden_Tweede_editie.pdf,4,48
answers,hoofdstukken/H3/Boek_1_H3_Antwoorden_Tweede_editie.pdf,5,49
answers,hoofdstukken/H3/Boek_1_H3_Antwoorden_Tweede_editie.pdf,6,50
answers,hoofdstukken/H3/Boek_1_H3_Antwoorden_Tweede_editie.pdf,7,51
answers,hoofdstukken/H3/Boek_1_H3_Antwoorden_Tweede_editie.pdf,8,52
answers,hoofdstukken/H3/Boek_1_H3_Antwoorden_Tweede_editie.pdf,9,53
answers,hoofdstukken/H3/Boek_1_H3_Antwoorden_Tweede_editie.pdf,10,54
answers,hoofdstukken/H3/Boek_1_H3_Antwoorden_Tweede_editie.pdf,11,55
answers,hoofdstukken/H3/Boek_1_H3_Antwoorden_Tweede_editie.pdf,12,56
answers,hoofdstukken/H3/Boek_1_H3_Antwoorden_Tweede_editie.pdf,13,57
answers,hoofdstukken/H3/Boek_1_H3_Antwoorden_Tweede_editie.pdf,14,58
answers,hoofdstukken/H3/Boek_1_H3_Antwoorden_Tweede_editie.pdf,15,59
answers,hoofdstukken/H3/Boek_1_H3_Antwoorden_Tweede_editie.pdf,16,60
answers,hoofdstukken/H3/Boek_1_H3_Antwoorden_Tweede_editie.pdf,17,61
answers,hoofdstukken/H3/Boek_1_H3_Antwoorden_Tweede_editie.pdf,18,62
answers,hoofdstukken/H3/Boek_1_H3_Antwoorden_Tweede_editie.pdf,19,63
answers,hoofdstukken/H3/Boek_1_H3_Antwoorden_Tweede_editie.pdf,20,64
answers,hoofdstukken/H3/Boek_1_H3_Antwoorden_Tweede_editie.pdf,21,65
teacher,hoofdstukken/H1/Boek_1_H1_Docenteninformatie_Tweede_editie.pdf,1,3
teacher,hoofdstukken/H1/Boek_1_H1_Docenteninformatie_Tweede_editie.pdf,2,4
teacher,hoofdstukken/H1/Boek_1_H1_Docenteninformatie_Tweede_editie.pdf,3,5
teacher,hoofdstukken/H1/Boek_1_H1_Docenteninformatie_Tweede_editie.pdf,4,6
teacher,hoofdstukken/H1/Boek_1_H1_Docenteninformatie_Tweede_editie.pdf,5,7
teacher,hoofdstukken/H1/Boek_1_H1_Docenteninformatie_Tweede_editie.pdf,6,8
teacher,hoofdstukken/H1/Boek_1_H1_Docenteninformatie_Tweede_editie.pdf,7,9
teacher,hoofdstukken/H1/Boek_1_H1_Docenteninformatie_Tweede_editie.pdf,8,10
teacher,hoofdstukken/H2/Boek_1_H2_Docenteninformatie_Tweede_editie.pdf,1,11
teacher,hoofdstukken/H2/Boek_1_H2_Docenteninformatie_Tweede_editie.pdf,2,12
teacher,hoofdstukken/H2/Boek_1_H2_Docenteninformatie_Tweede_editie.pdf,3,13
teacher,hoofdstukken/H2/Boek_1_H2_Docenteninformatie_Tweede_editie.pdf,4,14
teacher,hoofdstukken/H2/Boek_1_H2_Docenteninformatie_Tweede_editie.pdf,5,15
teacher,hoofdstukken/H2/Boek_1_H2_Docenteninformatie_Tweede_editie.pdf,6,16
teacher,hoofdstukken/H2/Boek_1_H2_Docenteninformatie_Tweede_editie.pdf,7,17
teacher,hoofdstukken/H2/Boek_1_H2_Docenteninformatie_Tweede_editie.pdf,8,18
teacher,hoofdstukken/H3/Boek_1_H3_Docenteninformatie_Tweede_editie.pdf,1,19
teacher,hoofdstukken/H3/Boek_1_H3_Docenteninformatie_Tweede_editie.pdf,2,20
teacher,hoofdstukken/H3/Boek_1_H3_Docenteninformatie_Tweede_editie.pdf,3,21
teacher,hoofdstukken/H3/Boek_1_H3_Docenteninformatie_Tweede_editie.pdf,4,22
teacher,hoofdstukken/H3/Boek_1_H3_Docenteninformatie_Tweede_editie.pdf,5,23
teacher,hoofdstukken/H3/Boek_1_H3_Docenteninformatie_Tweede_editie.pdf,6,24
teacher,hoofdstukken/H3/Boek_1_H3_Docenteninformatie_Tweede_editie.pdf,7,25
teacher,hoofdstukken/H3/Boek_1_H3_Docenteninformatie_Tweede_editie.pdf,8,26
teacher,hoofdstukken/H3/Boek_1_H3_Docenteninformatie_Tweede_editie.pdf,9,27
